{
  "images" : [
    {
      "idiom" : "universal",
      "filename" : "iconfinder_traveling_icon_flat_outline-11_3405104.png",
      "scale" : "1x"
    },
    {
      "idiom" : "universal",
      "filename" : "iconfinder_traveling_icon_flat_outline-11_3405104-1.png",
      "scale" : "2x"
    },
    {
      "idiom" : "universal",
      "filename" : "iconfinder_traveling_icon_flat_outline-11_3405104-2.png",
      "scale" : "3x"
    }
  ],
  "info" : {
    "version" : 1,
    "author" : "xcode"
  }
}